{
  "config": {
    "type": "rl",
    "num_gpus": 4,
    "model_name": "Qwen/Qwen3-0.6B",
    "lora_rank": null,
    "seq_len": 65536,
    "ac": "Recompute",
    "attention": "flash_attention_2",
    "output": "benchmark_result.json",
    "dry_run": false,
    "timeout": 1500,
    "micro_batches": 2,
    "ep": 1,
    "cp": 1,
    "docker_image": "primeintellect/prime-rl@sha256:d3e9636af265f5ba2e56cd2555534489f5ff64e04a3f645059ca7989508de419",
    "device_name": "NVIDIA RTX A6000",
    "commit_sha": "5c3c5123",
    "timestamp": "2026-01-31T01:13:40.536972+00:00",
    "success": true,
    "error_reason": null,
    "time_taken": 291.91085167229176
  },
  "metrics": {
    "mfu": {
      "mean": 16.165875888064594,
      "std": 0.010063094728313886,
      "min": 16.154265967508614,
      "max": 16.172097002189034
    },
    "throughput": {
      "mean": 7722.645407567771,
      "std": 4.80726889329249,
      "min": 7717.099200218126,
      "max": 7725.61731325081
    },
    "step_time": {
      "mean": 66.21160964062437,
      "std": 0.11667723461510121,
      "min": 66.1170196281746,
      "max": 66.34198968904093
    },
    "peak_memory": {
      "gib": 12.35546875,
      "pct": 25.99187497111044
    }
  }
}