{
  "config": {
    "type": "rl",
    "num_gpus": 1,
    "model_name": "Qwen/Qwen3-0.6B",
    "lora_rank": null,
    "seq_len": 65536,
    "ac": "Recompute",
    "attention": "flash_attention_2",
    "output": "benchmark_result.json",
    "dry_run": false,
    "timeout": 1500,
    "micro_batches": 2,
    "ep": 1,
    "cp": 1,
    "docker_image": null,
    "device_name": "NVIDIA RTX A6000",
    "commit_sha": "1c813485",
    "timestamp": "2026-02-01T00:37:17.504432+00:00",
    "success": true,
    "error_reason": null,
    "time_taken": 276.12556480802596
  },
  "metrics": {
    "mfu": {
      "mean": 17.08174826544651,
      "std": 0.00860887294908562,
      "min": 17.07595532741123,
      "max": 17.091640740120457
    },
    "throughput": {
      "mean": 2040.0423352992304,
      "std": 1.0281421434405753,
      "min": 2039.3504951752516,
      "max": 2041.2237756777045
    },
    "step_time": {
      "mean": 63.29752009687945,
      "std": 0.1304965028229097,
      "min": 63.170207182411104,
      "max": 63.430982740130275
    },
    "peak_memory": {
      "gib": 19.50390625,
      "pct": 41.029855115635286
    }
  }
}
